{
	"info": {
		"_postman_id": "f1a2d66a-91a9-475c-990a-ce9f9b36caf9",
		"name": "Apollo",
		"schema": "https://schema.getpostman.com/json/collection/v2.1.0/collection.json"
	},
	"item": [
		{
			"name": "Create user",
			"request": {
				"method": "POST",
				"header": [],
				"body": {
					"mode": "raw",
					"raw": "{\r\n\t\"username\": \"user\",\r\n\t\"password\": \"1234\",\r\n\t\"userType\": 2,\r\n    \"name\": \"User Test\",\r\n    \"employeeId\": \"225553\"\r\n}",
					"options": {
						"raw": {
							"language": "json"
						}
					}
				},
				"url": {
					"raw": "{{host}}/user/create",
					"host": [
						"{{host}}"
					],
					"path": [
						"user",
						"create"
					]
				},
				"description": "userType\r\n{\r\n\t\"default\": 0,\r\n\t\"newJoiner\": 1,\r\n\t\"hr\": 2,\r\n\t\"admin\": 3\r\n}"
			},
			"response": []
		},
		{
			"name": "Get user",
			"request": {
				"method": "GET",
				"header": [],
				"url": {
					"raw": "{{host}}/user/list/:username?",
					"host": [
						"{{host}}"
					],
					"path": [
						"user",
						"list",
						":username"
					],
					"query": [
						{
							"key": "",
							"value": null
						}
					],
					"variable": [
						{
							"key": "username",
							"value": ""
						}
					]
				}
			},
			"response": []
		},
		{
			"name": "Login user",
			"request": {
				"method": "POST",
				"header": [],
				"body": {
					"mode": "raw",
					"raw": "{\r\n    \"username\": \"hr\",\r\n    \"password\": \"1234\"\r\n}",
					"options": {
						"raw": {
							"language": "json"
						}
					}
				},
				"url": {
					"raw": "{{host}}/user/login",
					"host": [
						"{{host}}"
					],
					"path": [
						"user",
						"login"
					]
				}
			},
			"response": []
		},
		{
			"name": "Update user",
			"request": {
				"method": "PATCH",
				"header": [],
				"body": {
					"mode": "raw",
					"raw": "{\r\n    \"username\": \"user\",\r\n    \"userType\": 2,\r\n    \"employeeId\": \"123456\",\r\n    \"name\": \"User Test\"\r\n}",
					"options": {
						"raw": {
							"language": "json"
						}
					}
				},
				"url": {
					"raw": "{{host}}/user/update/:userId",
					"host": [
						"{{host}}"
					],
					"path": [
						"user",
						"update",
						":userId"
					],
					"variable": [
						{
							"key": "userId",
							"value": ""
						}
					]
				}
			},
			"response": []
		},
		{
			"name": "Delete user",
			"request": {
				"method": "DELETE",
				"header": [],
				"url": {
					"raw": "{{host}}/user/delete/:userId?",
					"host": [
						"{{host}}"
					],
					"path": [
						"user",
						"delete",
						":userId"
					],
					"query": [
						{
							"key": "",
							"value": null
						}
					],
					"variable": [
						{
							"key": "userId",
							"value": ""
						}
					]
				}
			},
			"response": []
		},
		{
			"name": "List new joiner",
			"request": {
				"method": "GET",
				"header": [],
				"url": {
					"raw": "{{host}}/new-joiner/list/:newJoinerId?",
					"host": [
						"{{host}}"
					],
					"path": [
						"new-joiner",
						"list",
						":newJoinerId"
					],
					"query": [
						{
							"key": "",
							"value": null
						}
					],
					"variable": [
						{
							"key": "newJoinerId",
							"value": ""
						}
					]
				}
			},
			"response": []
		},
		{
			"name": "Update new joiner",
			"request": {
				"method": "PATCH",
				"header": [],
				"body": {
					"mode": "raw",
					"raw": "{\r\n    \"userId\": 1,\r\n    \"manager\": \"Igor\",\r\n    \"team\": \"IDLB\",\r\n    \"startDate\": \"2020-07-01\",\r\n    \"probationEndDate\": \"2020-10-01\",\r\n    \"employeeId\": \"251171\",\r\n    \"name\": \"Suthinan Musitmani\"\r\n}",
					"options": {
						"raw": {
							"language": "json"
						}
					}
				},
				"url": {
					"raw": "{{host}}/new-joiner/update/1",
					"host": [
						"{{host}}"
					],
					"path": [
						"new-joiner",
						"update",
						"1"
					]
				}
			},
			"response": []
		},
		{
			"name": "Create journey",
			"request": {
				"method": "POST",
				"header": [],
				"body": {
					"mode": "raw",
					"raw": "[\r\n    {\r\n        \"journeyName\": \"Pre-onboard\"\r\n    },\r\n    {\r\n        \"journeyName\": \"Day1\"\r\n    },\r\n    {\r\n        \"journeyName\": \"Ongoing\"\r\n    }\r\n]",
					"options": {
						"raw": {
							"language": "json"
						}
					}
				},
				"url": {
					"raw": "{{host}}/journey/create",
					"host": [
						"{{host}}"
					],
					"path": [
						"journey",
						"create"
					]
				}
			},
			"response": []
		},
		{
			"name": "List journey",
			"request": {
				"method": "GET",
				"header": [],
				"url": {
					"raw": "{{host}}/journey/list/:journeyId?",
					"host": [
						"{{host}}"
					],
					"path": [
						"journey",
						"list",
						":journeyId"
					],
					"query": [
						{
							"key": "",
							"value": null
						}
					],
					"variable": [
						{
							"key": "journeyId",
							"value": ""
						}
					]
				}
			},
			"response": []
		},
		{
			"name": "Update journey",
			"request": {
				"method": "PATCH",
				"header": [],
				"body": {
					"mode": "raw",
					"raw": "{\r\n    \"journeyName\": \"Day0\"\r\n}",
					"options": {
						"raw": {
							"language": "json"
						}
					}
				},
				"url": {
					"raw": "{{host}}/journey/update/:journeyId",
					"host": [
						"{{host}}"
					],
					"path": [
						"journey",
						"update",
						":journeyId"
					],
					"variable": [
						{
							"key": "journeyId",
							"value": ""
						}
					]
				}
			},
			"response": []
		},
		{
			"name": "Delete journey",
			"request": {
				"method": "DELETE",
				"header": [],
				"url": {
					"raw": "{{host}}/journey/delete/:journeyId?",
					"host": [
						"{{host}}"
					],
					"path": [
						"journey",
						"delete",
						":journeyId"
					],
					"query": [
						{
							"key": "",
							"value": null
						}
					],
					"variable": [
						{
							"key": "journeyId",
							"value": ""
						}
					]
				}
			},
			"response": []
		},
		{
			"name": "Assign journey to new joiner",
			"request": {
				"method": "POST",
				"header": [],
				"url": {
					"raw": "{{host}}/new-joiner-journey/assign-journey/:newJoinerId/:journeyId",
					"host": [
						"{{host}}"
					],
					"path": [
						"new-joiner-journey",
						"assign-journey",
						":newJoinerId",
						":journeyId"
					],
					"variable": [
						{
							"key": "newJoinerId",
							"value": ""
						},
						{
							"key": "journeyId",
							"value": ""
						}
					]
				}
			},
			"response": []
		},
		{
			"name": "Unassign journey from new joiner",
			"request": {
				"method": "DELETE",
				"header": [],
				"url": {
					"raw": "{{host}}/new-joiner-journey/unassign-journey/:newJoinerId/:journeyId",
					"host": [
						"{{host}}"
					],
					"path": [
						"new-joiner-journey",
						"unassign-journey",
						":newJoinerId",
						":journeyId"
					],
					"variable": [
						{
							"key": "newJoinerId",
							"value": ""
						},
						{
							"key": "journeyId",
							"value": ""
						}
					]
				}
			},
			"response": []
		},
		{
			"name": "Upload file",
			"request": {
				"method": "POST",
				"header": [],
				"body": {
					"mode": "formdata",
					"formdata": [
						{
							"key": "",
							"type": "file",
							"src": "/C:/Users/suthinanmus/Desktop/task1.html"
						},
						{
							"key": "",
							"type": "file",
							"src": "/C:/Users/suthinanmus/Desktop/task2.html"
						},
						{
							"key": "",
							"type": "file",
							"src": "/C:/Users/suthinanmus/Desktop/task3.html"
						}
					]
				},
				"url": {
					"raw": "{{host}}/file/upload",
					"host": [
						"{{host}}"
					],
					"path": [
						"file",
						"upload"
					]
				}
			},
			"response": []
		},
		{
			"name": "List file",
			"request": {
				"method": "GET",
				"header": [],
				"url": {
					"raw": "{{host}}/file/list/:fileId?",
					"host": [
						"{{host}}"
					],
					"path": [
						"file",
						"list",
						":fileId"
					],
					"query": [
						{
							"key": "",
							"value": null
						}
					],
					"variable": [
						{
							"key": "fileId",
							"value": ""
						}
					]
				}
			},
			"response": []
		},
		{
			"name": "Download file",
			"request": {
				"method": "GET",
				"header": [],
				"url": {
					"raw": "{{host}}/file/download/:fileId?",
					"host": [
						"{{host}}"
					],
					"path": [
						"file",
						"download",
						":fileId"
					],
					"query": [
						{
							"key": "",
							"value": null
						}
					],
					"variable": [
						{
							"key": "fileId",
							"value": ""
						}
					]
				}
			},
			"response": []
		},
		{
			"name": "Update file",
			"request": {
				"method": "PATCH",
				"header": [],
				"url": {
					"raw": "{{host}}/file/update/:fileId",
					"host": [
						"{{host}}"
					],
					"path": [
						"file",
						"update",
						":fileId"
					],
					"variable": [
						{
							"key": "fileId",
							"value": ""
						}
					]
				}
			},
			"response": []
		},
		{
			"name": "Delete file",
			"request": {
				"method": "DELETE",
				"header": [],
				"url": {
					"raw": "{{host}}/file/delete/:fileId?",
					"host": [
						"{{host}}"
					],
					"path": [
						"file",
						"delete",
						":fileId"
					],
					"query": [
						{
							"key": "",
							"value": null
						}
					],
					"variable": [
						{
							"key": "fileId",
							"value": ""
						}
					]
				}
			},
			"response": []
		},
		{
			"name": "Create task",
			"request": {
				"method": "POST",
				"header": [],
				"body": {
					"mode": "raw",
					"raw": "{\r\n\t\"taskType\": 1,\r\n\t\"taskName\": \"How would you rate your overall onboarding process\"\r\n}",
					"options": {
						"raw": {
							"language": "json"
						}
					}
				},
				"url": {
					"raw": "{{host}}/task/create/:journeyId/:fileId",
					"host": [
						"{{host}}"
					],
					"path": [
						"task",
						"create",
						":journeyId",
						":fileId"
					],
					"variable": [
						{
							"key": "journeyId",
							"value": ""
						},
						{
							"key": "fileId",
							"value": ""
						}
					]
				}
			},
			"response": []
		},
		{
			"name": "List task",
			"request": {
				"method": "GET",
				"header": [],
				"url": {
					"raw": "{{host}}/task/list/:taskId?",
					"host": [
						"{{host}}"
					],
					"path": [
						"task",
						"list",
						":taskId"
					],
					"query": [
						{
							"key": "",
							"value": null
						}
					],
					"variable": [
						{
							"key": "taskId",
							"value": ""
						}
					]
				}
			},
			"response": []
		},
		{
			"name": "Update task",
			"protocolProfileBehavior": {
				"disableBodyPruning": true
			},
			"request": {
				"method": "GET",
				"header": [],
				"body": {
					"mode": "raw",
					"raw": "{\r\n\t\"journeyId\": 7,\r\n\t\"fileId\": 1,\r\n\t\"taskType\": 2,\r\n\t\"taskName\": \"Access to E-pay slip\"\r\n}",
					"options": {
						"raw": {
							"language": "json"
						}
					}
				},
				"url": {
					"raw": "{{host}}/task/update/:taskId",
					"host": [
						"{{host}}"
					],
					"path": [
						"task",
						"update",
						":taskId"
					],
					"variable": [
						{
							"key": "taskId",
							"value": ""
						}
					]
				}
			},
			"response": []
		},
		{
			"name": "Delete task",
			"request": {
				"method": "DELETE",
				"header": [],
				"url": {
					"raw": "{{host}}/task/delete/:taskId?",
					"host": [
						"{{host}}"
					],
					"path": [
						"task",
						"delete",
						":taskId"
					],
					"query": [
						{
							"key": "",
							"value": null
						}
					],
					"variable": [
						{
							"key": "taskId",
							"value": ""
						}
					]
				}
			},
			"response": []
		},
		{
			"name": "List new joiner journey",
			"request": {
				"method": "GET",
				"header": [],
				"url": {
					"raw": "{{host}}/new-joiner-journey/list/:newJoinerId?",
					"host": [
						"{{host}}"
					],
					"path": [
						"new-joiner-journey",
						"list",
						":newJoinerId"
					],
					"query": [
						{
							"key": "",
							"value": null
						}
					],
					"variable": [
						{
							"key": "newJoinerId",
							"value": ""
						}
					]
				}
			},
			"response": []
		}
	]
}