{
	"mysqlConfig": {
		"host": "localhost",
		"user": "root",
		"password": "password",
		"database": "apollo"
	},
	"table": {
		"user": {
			"name": "user",
			"indexName": "userId"
		},
		"hr": {
			"name": "hr",
			"indexName": "hrId"
		},
		"newJoiner": {
			"name": "new_joiner",
			"indexName": "newJoinerId"
		},
		"journey": {
			"name": "journey",
			"indexName": "journeyId"
		},
		"newJoinerJourney": {
			"name": "new_joiner_journey",
			"indexName": "newJoinerJourneyId"
		},
		"task": {
			"name": "task",
			"indexName": "taskId"
		},
		"file": {
			"name": "file",
			"indexName": "fileId"
		}
	},
	"userType": {
		"default": 0,
		"newJoiner": 1,
		"hr": 2,
		"admin": 3
	},
	"taskType": {
		"information": 0,
		"question": 1,
		"action": 2
	}
}
